Line,Direction,Station from (A),Station to (B),Distance (Kms),from_id,to_id
Bakerloo,Southbound,harrow & wealdstone,kenton,1.74,114,140
Bakerloo,Southbound,kenton,south kenton,1.4,140,237
Bakerloo,Southbound,south kenton,north wembley,0.9,237,185
Bakerloo,Southbound,north wembley,wembley central,1.27,185,281
Bakerloo,Southbound,wembley central,stonebridge park,1.71,281,246
Bakerloo,Southbound,stonebridge park,harlesden,1.53,246,113
Bakerloo,Southbound,harlesden,willesden junction,1.05,113,298
Bakerloo,Southbound,willesden junction,kensal green,1.5,298,137
Bakerloo,Southbound,kensal green,queen's park,1.32,137,206
Bakerloo,Southbound,queen's park,kilburn park,0.79,206,143
Bakerloo,Southbound,kilburn park,maida vale,0.88,143,159
Bakerloo,Southbound,maida vale,warwick avenue,0.79,159,278
Bakerloo,Southbound,warwick avenue,paddington,0.88,278,193
Bakerloo,Southbound,paddington,edgware road (Bakerloo),0.72,193,82
Bakerloo,Southbound,edgware road (Bakerloo),marylebone,0.45,82,163
Bakerloo,Southbound,marylebone,baker street,0.5,163,11
Bakerloo,Southbound,baker street,regent's park,0.88,11,212
Bakerloo,Southbound,regent's park,oxford circus,0.87,212,192
Bakerloo,Southbound,oxford circus,piccadilly circus,0.97,192,197
Bakerloo,Southbound,piccadilly circus,charing cross,0.55,197,49
Bakerloo,Southbound,charing cross,embankment,0.37,49,87
Bakerloo,Southbound,embankment,waterloo,0.71,87,279
Bakerloo,Southbound,waterloo,lambeth north,0.63,279,148
Bakerloo,Southbound,lambeth north,elephant & castle,0.82,148,84
Bakerloo,Northbound,elephant & castle,lambeth north,0.82,84,148
Bakerloo,Northbound,lambeth north,waterloo,0.63,148,279
Bakerloo,Northbound,waterloo,embankment,0.71,279,87
Bakerloo,Northbound,embankment,charing cross,0.37,87,49
Bakerloo,Northbound,charing cross,piccadilly circus,0.55,49,197
Bakerloo,Northbound,piccadilly circus,oxford circus,0.97,197,192
Bakerloo,Northbound,oxford circus,regent's park,0.87,192,212
Bakerloo,Northbound,regent's park,baker street,0.88,212,11
Bakerloo,Northbound,baker street,marylebone,0.5,11,163
Bakerloo,Northbound,marylebone,edgware road (Bakerloo),0.45,163,82
Bakerloo,Northbound,edgware road (Bakerloo),paddington,0.72,82,193
Bakerloo,Northbound,paddington,warwick avenue,0.88,193,278
Bakerloo,Northbound,warwick avenue,maida vale,0.79,278,159
Bakerloo,Northbound,maida vale,kilburn park,0.88,159,143
Bakerloo,Northbound,kilburn park,queen's park,0.79,143,206
Bakerloo,Northbound,queen's park,kensal green,1.32,206,137
Bakerloo,Northbound,kensal green,willesden junction,1.5,137,298
Bakerloo,Northbound,willesden junction,harlesden,1.05,298,113
Bakerloo,Northbound,harlesden,stonebridge park,1.53,113,246
Bakerloo,Northbound,stonebridge park,wembley central,1.71,246,281
Bakerloo,Northbound,wembley central,north wembley,1.27,281,185
Bakerloo,Northbound,north wembley,south kenton,0.9,185,237
Bakerloo,Northbound,south kenton,kenton,1.4,237,140
Bakerloo,Northbound,kenton,harrow & wealdstone,1.74,140,114
Central,Eastbound,west ruislip,ruislip gardens,2.04,294,221
Central,Eastbound,ruislip gardens,south ruislip,0.87,221,239
Central,Eastbound,south ruislip,northolt,2.29,239,177
Central,Eastbound,northolt,greenford,1.79,177,105
Central,Eastbound,greenford,perivale,1.69,105,196
Central,Eastbound,perivale,hanger lane,2.11,196,112
Central,Eastbound,hanger lane,north acton,2.49,112,181
Central,Eastbound,ealing broadway,west acton,1.53,72,286
Central,Eastbound,west acton,north acton,1.77,286,181
Central,Eastbound,north acton,east acton,1.11,181,76
Central,Eastbound,east acton,white city,2.06,76,296
Central,Eastbound,white city,shepherd's bush,1.16,296,226
Central,Eastbound,shepherd's bush,holland park,0.87,226,127
Central,Eastbound,holland park,notting hill gate,0.61,127,186
Central,Eastbound,notting hill gate,queensway,0.69,186,208
Central,Eastbound,queensway,lancaster gate,0.9,208,149
Central,Eastbound,lancaster gate,marble arch,1.21,149,162
Central,Eastbound,marble arch,bond street,0.55,162,28
Central,Eastbound,bond street,oxford circus,0.66,28,192
Central,Eastbound,oxford circus,tottenham court road,0.58,192,259
Central,Eastbound,tottenham court road,holborn,0.89,259,126
Central,Eastbound,holborn,chancery lane,0.4,126,48
Central,Eastbound,chancery lane,st. paul's,1.03,48,250
Central,Eastbound,st. paul's,bank,0.74,250,13
Central,Eastbound,bank,liverpool street,0.74,13,156
Central,Eastbound,liverpool street,bethnal green,2.27,156,24
Central,Eastbound,bethnal green,mile end,1.64,24,164
Central,Eastbound,mile end,stratford,2.83,164,247
Central,Eastbound,stratford,leyton,2.09,247,153
Central,Eastbound,leyton,leytonstone,1.63,153,154
Central,Eastbound,leytonstone,wanstead,1.72,154,275
Central,Eastbound,wanstead,redbridge,1.22,275,211
Central,Eastbound,redbridge,gants hill,1.27,211,98
Central,Eastbound,gants hill,newbury park,2.37,98,173
Central,Eastbound,newbury park,barkingside,1.11,173,16
Central,Eastbound,barkingside,fairlop,1.22,16,91
Central,Eastbound,fairlop,hainault,0.76,91,109
Central,Eastbound,leytonstone,snaresbrook,1.58,154,230
Central,Eastbound,snaresbrook,south woodford,1.29,230,241
Central,Eastbound,south woodford,woodford,1.8,241,301
Central,Inner,roding valley,woodford,1.34,215,301
Central,Inner,chigwell,roding valley,2.28,51,215
Central,Inner,grange hill,chigwell,1.32,103,51
Central,Inner,hainault,grange hill,1.13,109,103
Central,Eastbound,woodford,buckhurst hill,2.32,301,37
Central,Eastbound,buckhurst hill,loughton,1.83,37,158
Central,Eastbound,loughton,debden,2.03,158,68
Central,Eastbound,debden,theydon bois,3.35,68,256
Central,Eastbound,theydon bois,epping,2.54,256,88
Central,Westbound,epping,theydon bois,2.54,88,256
Central,Westbound,theydon bois,debden,3.35,256,68
Central,Westbound,debden,loughton,2.03,68,158
Central,Westbound,loughton,buckhurst hill,1.83,158,37
Central,Westbound,buckhurst hill,woodford,2.32,37,301
Central,Outer,grange hill,hainault,1.13,103,109
Central,Outer,chigwell,grange hill,1.32,51,103
Central,Outer,roding valley,chigwell,2.28,215,51
Central,Outer,woodford,roding valley,1.34,301,215
Central,Westbound,woodford,south woodford,1.8,301,241
Central,Westbound,south woodford,snaresbrook,1.29,241,230
Central,Westbound,snaresbrook,leytonstone,1.58,230,154
Central,Westbound,hainault,fairlop,0.76,109,91
Central,Westbound,fairlop,barkingside,1.22,91,16
Central,Westbound,barkingside,newbury park,1.11,16,173
Central,Westbound,newbury park,gants hill,2.37,173,98
Central,Westbound,gants hill,redbridge,1.27,98,211
Central,Westbound,redbridge,wanstead,1.22,211,275
Central,Westbound,wanstead,leytonstone,1.72,275,154
Central,Westbound,leytonstone,leyton,1.63,154,153
Central,Westbound,leyton,stratford,2.09,153,247
Central,Westbound,stratford,mile end,2.83,247,164
Central,Westbound,mile end,bethnal green,1.64,164,24
Central,Westbound,bethnal green,liverpool street,2.27,24,156
Central,Westbound,liverpool street,bank,0.74,156,13
Central,Westbound,bank,st. paul's,0.74,13,250
Central,Westbound,st. paul's,chancery lane,1.03,250,48
Central,Westbound,chancery lane,holborn,0.4,48,126
Central,Westbound,holborn,tottenham court road,0.89,126,259
Central,Westbound,tottenham court road,oxford circus,0.58,259,192
Central,Westbound,oxford circus,bond street,0.66,192,28
Central,Westbound,bond street,marble arch,0.55,28,162
Central,Westbound,marble arch,lancaster gate,1.21,162,149
Central,Westbound,lancaster gate,queensway,0.9,149,208
Central,Westbound,queensway,notting hill gate,0.69,208,186
Central,Westbound,notting hill gate,holland park,0.61,186,127
Central,Westbound,holland park,shepherd's bush,0.87,127,226
Central,Westbound,shepherd's bush,white city,1.16,226,296
Central,Westbound,white city,east acton,2.06,296,76
Central,Westbound,east acton,north acton,1.11,76,181
Central,Westbound,north acton,west acton,1.77,181,286
Central,Westbound,west acton,ealing broadway,1.53,286,72
Central,Westbound,north acton,hanger lane,2.49,181,112
Central,Westbound,hanger lane,perivale,2.11,112,196
Central,Westbound,perivale,greenford,1.69,196,105
Central,Westbound,greenford,northolt,1.79,105,177
Central,Westbound,northolt,south ruislip,2.29,177,239
Central,Westbound,south ruislip,ruislip gardens,0.87,239,221
Central,Westbound,ruislip gardens,west ruislip,2.04,221,294
Victoria,Southbound,walthamstow central,blackhorse road,1.45,274,26
Victoria,Southbound,blackhorse road,tottenham hale,1.37,26,260
Victoria,Southbound,tottenham hale,seven sisters,1.05,260,224
Victoria,Southbound,seven sisters,finsbury park,3.15,224,95
Victoria,Southbound,finsbury park,highbury & islington,1.93,95,123
Victoria,Southbound,highbury & islington,king's cross st. pancras,2.45,123,145
Victoria,Southbound,king's cross st. pancras,euston,0.74,145,89
Victoria,Southbound,euston,warren street,0.76,89,277
Victoria,Southbound,warren street,oxford circus,0.9,277,192
Victoria,Southbound,oxford circus,green park,1.14,192,107
Victoria,Southbound,green park,victoria,1.09,107,273
Victoria,Southbound,victoria,pimlico,1.19,273,198
Victoria,Southbound,pimlico,vauxhall,0.8,198,272
Victoria,Southbound,vauxhall,stockwell,1.77,272,245
Victoria,Southbound,stockwell,brixton,1.46,245,35
Victoria,Northbound,brixton,stockwell,1.46,35,245
Victoria,Northbound,stockwell,vauxhall,1.77,245,272
Victoria,Northbound,vauxhall,pimlico,0.8,272,198
Victoria,Northbound,pimlico,victoria,1.19,198,273
Victoria,Northbound,victoria,green park,1.09,273,107
Victoria,Northbound,green park,oxford circus,1.14,107,192
Victoria,Northbound,oxford circus,warren street,0.9,192,277
Victoria,Northbound,warren street,euston,0.76,277,89
Victoria,Northbound,euston,king's cross st. pancras,0.74,89,145
Victoria,Northbound,king's cross st. pancras,highbury & islington,2.45,145,123
Victoria,Northbound,highbury & islington,finsbury park,1.93,123,95
Victoria,Northbound,finsbury park,seven sisters,3.15,95,224
Victoria,Northbound,seven sisters,tottenham hale,1.05,224,260
Victoria,Northbound,tottenham hale,blackhorse road,1.37,260,26
Victoria,Northbound,blackhorse road,walthamstow central,1.45,26,274
Waterloo & City,Eastbound,waterloo,bank,2.37,279,13
Waterloo & City,Westbound,bank,waterloo,2.37,13,279
Jubilee,Eastbound,stanmore,canons park,1.27,243,45
Jubilee,Eastbound,canons park,queensbury,1.71,45,207
Jubilee,Eastbound,queensbury,kingsbury,1.33,207,144
Jubilee,Eastbound,kingsbury,wembley park,2.85,144,282
Jubilee,Eastbound,wembley park,neasden,2.28,282,172
Jubilee,Eastbound,neasden,dollis hill,0.85,172,71
Jubilee,Eastbound,dollis hill,willesden green,1.21,71,297
Jubilee,Eastbound,willesden green,kilburn,1.19,297,142
Jubilee,Eastbound,kilburn,west hampstead,1.09,142,290
Jubilee,Eastbound,west hampstead,finchley road,0.61,290,94
Jubilee,Eastbound,finchley road,swiss cottage,0.61,94,254
Jubilee,Eastbound,swiss cottage,st. john's wood,0.92,254,249
Jubilee,Eastbound,st. john's wood,baker street,2.06,249,11
Jubilee,Eastbound,baker street,bond street,1.66,11,28
Jubilee,Eastbound,bond street,green park,1.37,28,107
Jubilee,Eastbound,green park,westminster,1.33,107,285
Jubilee,Eastbound,westminster,waterloo,0.96,285,279
Jubilee,Eastbound,waterloo,southwark,0.44,279,233
Jubilee,Eastbound,southwark,london bridge,1.25,233,157
Jubilee,Eastbound,london bridge,bermondsey,1.93,157,23
Jubilee,Eastbound,bermondsey,canada water,1.06,23,41
Jubilee,Eastbound,canada water,canary wharf,2.41,41,42
Jubilee,Eastbound,canary wharf,north greenwich,1.71,42,183
Jubilee,Eastbound,north greenwich,canning town,1.71,183,43
Jubilee,Eastbound,canning town,west ham,1.58,43,289
Jubilee,Eastbound,west ham,stratford,1.54,289,247
Jubilee,Westbound,stratford,west ham,1.54,247,289
Jubilee,Westbound,west ham,canning town,1.58,289,43
Jubilee,Westbound,canning town,north greenwich,1.71,43,183
Jubilee,Westbound,north greenwich,canary wharf,1.71,183,42
Jubilee,Westbound,canary wharf,canada water,2.41,42,41
Jubilee,Westbound,canada water,bermondsey,1.06,41,23
Jubilee,Westbound,bermondsey,london bridge,1.93,23,157
Jubilee,Westbound,london bridge,southwark,1.25,157,233
Jubilee,Westbound,southwark,waterloo,0.44,233,279
Jubilee,Westbound,waterloo,westminster,0.96,279,285
Jubilee,Westbound,westminster,green park,1.33,285,107
Jubilee,Westbound,green park,bond street,1.37,107,28
Jubilee,Westbound,bond street,baker street,1.66,28,11
Jubilee,Westbound,baker street,st. john's wood,2.06,11,249
Jubilee,Westbound,st. john's wood,swiss cottage,0.92,249,254
Jubilee,Westbound,swiss cottage,finchley road,0.61,254,94
Jubilee,Westbound,finchley road,west hampstead,0.61,94,290
Jubilee,Westbound,west hampstead,kilburn,1.09,290,142
Jubilee,Westbound,kilburn,willesden green,1.19,142,297
Jubilee,Westbound,willesden green,dollis hill,1.21,297,71
Jubilee,Westbound,dollis hill,neasden,0.85,71,172
Jubilee,Westbound,neasden,wembley park,2.28,172,282
Jubilee,Westbound,wembley park,kingsbury,2.85,282,144
Jubilee,Westbound,kingsbury,queensbury,1.33,144,207
Jubilee,Westbound,queensbury,canons park,1.71,207,45
Jubilee,Westbound,canons park,stanmore,1.27,45,243
Northern,Southbound,edgware,burnt oak,1.48,81,38
Northern,Southbound,burnt oak,colindale,1.32,38,58
Northern,Southbound,colindale,hendon central,2.11,58,119
Northern,Southbound,hendon central,brent cross,1.11,119,34
Northern,Southbound,brent cross,golders green,1.56,34,100
Northern,Southbound,golders green,hampstead,2.35,100,111
Northern,Southbound,hampstead,belsize park,1.21,111,22
Northern,Southbound,belsize park,chalk farm,1.11,22,47
Northern,Southbound,chalk farm,camden town,0.85,47,40
Northern,Southbound,high barnet,totteridge & whetstone,2.48,121,261
Northern,Southbound,totteridge & whetstone,woodside park,1.51,261,302
Northern,Southbound,woodside park,west finchley,0.98,302,288
Northern,Southbound,west finchley,finchley central,1.14,288,93
Northern,Southbound,mill hill east,finchley central,1.53,165,93
Northern,Southbound,finchley central,east finchley,2.43,93,77
Northern,Southbound,east finchley,highgate,1.64,77,124
Northern,Southbound,highgate,archway,1.71,124,8
Northern,Southbound,archway,tufnell park,0.89,8,264
Northern,Southbound,tufnell park,kentish town,0.8,264,139
Northern,Southbound,kentish town,camden town,1.16,139,40
Northern,Southbound,camden town,mornington crescent,0.64,40,170
Northern,Southbound,mornington crescent,euston,0.82,170,89
Northern,Southbound,euston,warren street,0.58,89,277
Northern,Southbound,warren street,goodge street,0.47,277,102
Northern,Southbound,goodge street,tottenham court road,0.63,102,259
Northern,Southbound,tottenham court road,leicester square,0.4,259,151
Northern,Southbound,leicester square,charing cross,0.47,151,49
Northern,Southbound,charing cross,embankment,0.27,49,87
Northern,Southbound,embankment,waterloo,0.71,87,279
Northern,Southbound,waterloo,kennington,1.9,279,136
Northern,Southbound,camden town,euston,1.72,40,89
Northern,Southbound,euston,king's cross st. pancras,0.61,89,145
Northern,Southbound,king's cross st. pancras,angel,1.38,145,7
Northern,Southbound,angel,old street,1.45,7,188
Northern,Southbound,old street,moorgate,0.69,188,167
Northern,Southbound,moorgate,bank,0.82,167,13
Northern,Southbound,bank,london bridge,0.69,13,157
Northern,Southbound,london bridge,borough,0.68,157,29
Northern,Southbound,borough,elephant & castle,0.85,29,84
Northern,Southbound,elephant & castle,kennington,0.9,84,136
Northern,Southbound,kennington,oval,0.82,136,191
Northern,Southbound,oval,stockwell,1.37,191,245
Northern,Southbound,stockwell,clapham north,0.82,245,55
Northern,Southbound,clapham north,clapham common,0.63,55,54
Northern,Southbound,clapham common,clapham south,1.26,54,56
Northern,Southbound,clapham south,balham,1.16,56,12
Northern,Southbound,balham,tooting bec,0.98,12,257
Northern,Southbound,tooting bec,tooting broadway,1.11,257,258
Northern,Southbound,tooting broadway,colliers wood,1.21,258,59
Northern,Southbound,colliers wood,south wimbledon,1.14,59,240
Northern,Southbound,south wimbledon,morden,1.46,240,169
Northern,Northbound,morden,south wimbledon,1.46,169,240
Northern,Northbound,south wimbledon,colliers wood,1.14,240,59
Northern,Northbound,colliers wood,tooting broadway,1.21,59,258
Northern,Northbound,tooting broadway,tooting bec,1.11,258,257
Northern,Northbound,tooting bec,balham,0.98,257,12
Northern,Northbound,balham,clapham south,1.16,12,56
Northern,Northbound,clapham south,clapham common,1.26,56,54
Northern,Northbound,clapham common,clapham north,0.63,54,55
Northern,Northbound,clapham north,stockwell,0.82,55,245
Northern,Northbound,stockwell,oval,1.37,245,191
Northern,Northbound,oval,kennington,0.82,191,136
Northern,Northbound,kennington,elephant & castle,0.9,136,84
Northern,Northbound,elephant & castle,borough,0.85,84,29
Northern,Northbound,borough,london bridge,0.68,29,157
Northern,Northbound,london bridge,bank,0.69,157,13
Northern,Northbound,bank,moorgate,0.82,13,167
Northern,Northbound,moorgate,old street,0.69,167,188
Northern,Northbound,old street,angel,1.45,188,7
Northern,Northbound,angel,king's cross st. pancras,1.38,7,145
Northern,Northbound,king's cross st. pancras,euston,0.61,145,89
Northern,Northbound,euston,camden town,1.72,89,40
Northern,Northbound,kennington,waterloo,1.9,136,279
Northern,Northbound,waterloo,embankment,0.71,279,87
Northern,Northbound,embankment,charing cross,0.27,87,49
Northern,Northbound,charing cross,leicester square,0.47,49,151
Northern,Northbound,leicester square,tottenham court road,0.4,151,259
Northern,Northbound,tottenham court road,goodge street,0.63,259,102
Northern,Northbound,goodge street,warren street,0.47,102,277
Northern,Northbound,warren street,euston,0.58,277,89
Northern,Northbound,euston,mornington crescent,0.82,89,170
Northern,Northbound,mornington crescent,camden town,0.64,170,40
Northern,Northbound,camden town,kentish town,1.15,40,139
Northern,Northbound,kentish town,tufnell park,0.8,139,264
Northern,Northbound,tufnell park,archway,0.89,264,8
Northern,Northbound,archway,highgate,1.71,8,124
Northern,Northbound,highgate,east finchley,1.64,124,77
Northern,Northbound,east finchley,finchley central,2.43,77,93
Northern,Northbound,finchley central,mill hill east,1.52,93,165
Northern,Northbound,finchley central,west finchley,1.14,93,288
Northern,Northbound,west finchley,woodside park,0.98,288,302
Northern,Northbound,woodside park,totteridge & whetstone,1.51,302,261
Northern,Northbound,totteridge & whetstone,high barnet,2.48,261,121
Northern,Northbound,camden town,chalk farm,0.85,40,47
Northern,Northbound,chalk farm,belsize park,1.11,47,22
Northern,Northbound,belsize park,hampstead,1.21,22,111
Northern,Northbound,hampstead,golders green,2.35,111,100
Northern,Northbound,golders green,brent cross,1.56,100,34
Northern,Northbound,brent cross,hendon central,1.11,34,119
Northern,Northbound,hendon central,colindale,2.11,119,58
Northern,Northbound,colindale,burnt oak,1.32,58,38
Northern,Northbound,burnt oak,edgware,1.47,38,81
Piccadilly,Eastbound,uxbridge,hillingdon,2.03,271,125
Piccadilly,Eastbound,hillingdon,ickenham,1.08,125,134
Piccadilly,Eastbound,ickenham,ruislip,1.85,134,220
Piccadilly,Eastbound,ruislip,ruislip manor,0.72,220,222
Piccadilly,Eastbound,ruislip manor,eastcote,1.14,222,75
Piccadilly,Eastbound,eastcote,rayners lane,1.72,75,210
Piccadilly,Eastbound,rayners lane,south harrow,1.9,210,235
Piccadilly,Eastbound,south harrow,sudbury hill,1.37,235,251
Piccadilly,Eastbound,sudbury hill,sudbury town,1.66,251,252
Piccadilly,Eastbound,sudbury town,alperton,1.58,252,5
Piccadilly,Eastbound,alperton,park royal,1.98,5,194
Piccadilly,Eastbound,park royal,north ealing,1.06,194,182
Piccadilly,Eastbound,north ealing,ealing common,0.95,182,73
Piccadilly,Eastbound,ealing common,acton town,1.03,73,1
Piccadilly,Eastbound,"heathrow terminals 1, 2 & 3",hatton cross,2.16,117,116
Piccadilly,Eastbound,hatton cross,hounslow west,2.91,116,132
Piccadilly,Eastbound,hounslow west,hounslow central,1.46,132,130
Piccadilly,Eastbound,hounslow central,hounslow east,0.74,130,131
Piccadilly,Eastbound,hounslow east,osterley,0.97,131,190
Piccadilly,Eastbound,osterley,boston manor,2.43,190,30
Piccadilly,Eastbound,boston manor,northfields,1.0,30,176
Piccadilly,Eastbound,northfields,south ealing,0.39,176,234
Piccadilly,Eastbound,south ealing,acton town,2.2,234,1
Piccadilly,Eastbound,acton town,hammersmith,4.41,1,110
Piccadilly,Eastbound,hammersmith,barons court,0.68,110,17
Piccadilly,Eastbound,barons court,earl's court,1.63,17,74
Piccadilly,Eastbound,earl's court,gloucester road,0.79,74,99
Piccadilly,Eastbound,gloucester road,south kensington,0.71,99,236
Piccadilly,Eastbound,south kensington,knightsbridge,1.22,236,146
Piccadilly,Eastbound,knightsbridge,hyde park corner,0.51,146,133
Piccadilly,Eastbound,hyde park corner,green park,1.06,133,107
Piccadilly,Eastbound,green park,piccadilly circus,0.56,107,197
Piccadilly,Eastbound,piccadilly circus,leicester square,0.5,197,151
Piccadilly,Eastbound,leicester square,covent garden,0.26,151,60
Piccadilly,Eastbound,covent garden,holborn,0.6,60,126
Piccadilly,Eastbound,holborn,russell square,0.72,126,223
Piccadilly,Eastbound,russell square,king's cross st. pancras,0.92,223,145
Piccadilly,Eastbound,king's cross st. pancras,caledonian road,1.96,145,39
Piccadilly,Eastbound,caledonian road,holloway road,0.6,39,128
Piccadilly,Eastbound,holloway road,arsenal,0.74,128,10
Piccadilly,Eastbound,arsenal,finsbury park,0.69,10,95
Piccadilly,Eastbound,finsbury park,manor house,1.05,95,160
Piccadilly,Eastbound,manor house,turnpike lane,2.32,160,266
Piccadilly,Eastbound,turnpike lane,wood green,0.98,266,303
Piccadilly,Eastbound,wood green,bounds green,1.53,303,31
Piccadilly,Eastbound,bounds green,arnos grove,1.26,31,9
Piccadilly,Eastbound,arnos grove,southgate,1.95,9,232
Piccadilly,Eastbound,southgate,oakwood,1.87,232,187
Piccadilly,Eastbound,oakwood,cockfosters,1.27,187,57
Piccadilly,Westbound,cockfosters,oakwood,1.27,57,187
Piccadilly,Westbound,oakwood,southgate,1.87,187,232
Piccadilly,Westbound,southgate,arnos grove,1.95,232,9
Piccadilly,Westbound,arnos grove,bounds green,1.26,9,31
Piccadilly,Westbound,bounds green,wood green,1.53,31,303
Piccadilly,Westbound,wood green,turnpike lane,0.98,303,266
Piccadilly,Westbound,turnpike lane,manor house,2.32,266,160
Piccadilly,Westbound,manor house,finsbury park,1.05,160,95
Piccadilly,Westbound,finsbury park,arsenal,0.69,95,10
Piccadilly,Westbound,arsenal,holloway road,0.74,10,128
Piccadilly,Westbound,holloway road,caledonian road,0.6,128,39
Piccadilly,Westbound,caledonian road,king's cross st. pancras,1.96,39,145
Piccadilly,Westbound,king's cross st. pancras,russell square,0.92,145,223
Piccadilly,Westbound,russell square,holborn,0.72,223,126
Piccadilly,Westbound,holborn,covent garden,0.6,126,60
Piccadilly,Westbound,covent garden,leicester square,0.26,60,151
Piccadilly,Westbound,leicester square,piccadilly circus,0.5,151,197
Piccadilly,Westbound,piccadilly circus,green park,0.56,197,107
Piccadilly,Westbound,green park,hyde park corner,1.06,107,133
Piccadilly,Westbound,hyde park corner,knightsbridge,0.51,133,146
Piccadilly,Westbound,knightsbridge,south kensington,1.22,146,236
Piccadilly,Westbound,south kensington,gloucester road,0.71,236,99
Piccadilly,Westbound,gloucester road,earl's court,0.79,99,74
Piccadilly,Westbound,earl's court,barons court,1.63,74,17
Piccadilly,Westbound,barons court,hammersmith,0.68,17,110
Piccadilly,Westbound,hammersmith,acton town,4.41,110,1
Piccadilly,Westbound,acton town,south ealing,2.2,1,234
Piccadilly,Westbound,south ealing,northfields,0.39,234,176
Piccadilly,Westbound,northfields,boston manor,1.0,176,30
Piccadilly,Westbound,boston manor,osterley,2.43,30,190
Piccadilly,Westbound,osterley,hounslow east,0.97,190,131
Piccadilly,Westbound,hounslow east,hounslow central,0.74,131,130
Piccadilly,Westbound,hounslow central,hounslow west,1.46,130,132
Piccadilly,Westbound,hounslow west,hatton cross,2.91,132,116
Piccadilly,Westbound,hatton cross,"heathrow terminals 1, 2 & 3",2.16,116,117
Piccadilly,Westbound,hatton cross,heathrow terminal 4,1.83,116,118
Piccadilly,Westbound,heathrow terminal 4,"heathrow terminals 1, 2 & 3",4.31,118,117
Piccadilly,Westbound,acton town,ealing common,1.03,1,73
Piccadilly,Westbound,ealing common,north ealing,0.95,73,182
Piccadilly,Westbound,north ealing,park royal,1.06,182,194
Piccadilly,Westbound,park royal,alperton,1.98,194,5
Piccadilly,Westbound,alperton,sudbury town,1.58,5,252
Piccadilly,Westbound,sudbury town,sudbury hill,1.66,252,251
Piccadilly,Westbound,sudbury hill,south harrow,1.37,251,235
Piccadilly,Westbound,south harrow,rayners lane,1.9,235,210
Piccadilly,Westbound,rayners lane,eastcote,1.72,210,75
Piccadilly,Westbound,eastcote,ruislip manor,1.14,75,222
Piccadilly,Westbound,ruislip manor,ruislip,0.72,222,220
Piccadilly,Westbound,ruislip,ickenham,1.85,220,134
Piccadilly,Westbound,ickenham,hillingdon,1.08,134,125
Piccadilly,Westbound,hillingdon,uxbridge,2.03,125,271
Metropolitan,Westbound,aldgate,liverpool street,0.61,2,156
Metropolitan,Westbound,liverpool street,moorgate,0.51,156,167
Metropolitan,Westbound,moorgate,barbican,0.63,167,14
Metropolitan,Westbound,barbican,farringdon,0.51,14,92
Metropolitan,Westbound,farringdon,king's cross st. pancras,1.85,92,145
Metropolitan,Westbound,king's cross st. pancras,euston square,0.85,145,90
Metropolitan,Westbound,euston square,great portland street,0.61,90,104
Metropolitan,Westbound,great portland street,baker street,0.92,104,11
Metropolitan,Westbound,baker street,finchley road,3.38,11,94
Metropolitan,Westbound,finchley road,wembley park,7.24,94,282
Metropolitan,Westbound,wembley park,preston road,1.46,282,202
Metropolitan,Westbound,preston road,northwick park,1.64,202,178
Metropolitan,Westbound,northwick park,harrow-on-the-hill,1.29,178,115
Metropolitan,Westbound,finchley road,harrow-on-the-hill,11.63,94,115
Metropolitan,Westbound,harrow-on-the-hill,west harrow,1.26,115,291
Metropolitan,Westbound,west harrow,rayners lane,1.38,291,210
Metropolitan,Westbound,rayners lane,eastcote,1.72,210,75
Metropolitan,Westbound,eastcote,ruislip manor,1.14,75,222
Metropolitan,Westbound,ruislip manor,ruislip,0.72,222,220
Metropolitan,Westbound,ruislip,ickenham,1.85,220,134
Metropolitan,Westbound,ickenham,hillingdon,1.08,134,125
Metropolitan,Westbound,hillingdon,uxbridge,2.03,125,271
Metropolitan,Westbound,harrow-on-the-hill,north harrow,2.0,115,184
Metropolitan,Westbound,north harrow,pinner,1.48,184,199
Metropolitan,Westbound,pinner,northwood hills,2.08,199,180
Metropolitan,Westbound,northwood hills,northwood,1.61,180,179
Metropolitan,Westbound,northwood,moor park,2.22,179,168
Metropolitan,Westbound,harrow-on-the-hill,moor park,9.39,115,168
Metropolitan,Westbound,moor park,croxley,2.94,168,62
Metropolitan,Westbound,croxley,watford,1.9,62,280
Metropolitan,Westbound,moor park,rickmansworth,3.49,168,214
Metropolitan,Westbound,rickmansworth,chorleywood,3.38,214,53
Metropolitan,Westbound,chorleywood,chalfont & latimer,3.43,53,46
Metropolitan,Westbound,chalfont & latimer,chesham,6.19,46,50
Metropolitan,Westbound,chalfont & latimer,amersham,3.27,46,6
Metropolitan,Eastbound,amersham,chalfont & latimer,3.27,6,46
Metropolitan,Eastbound,chesham,chalfont & latimer,6.19,50,46
Metropolitan,Eastbound,chalfont & latimer,chorleywood,3.43,46,53
Metropolitan,Eastbound,chorleywood,rickmansworth,3.38,53,214
Metropolitan,Eastbound,rickmansworth,moor park,3.49,214,168
Metropolitan,Eastbound,watford,croxley,1.9,280,62
Metropolitan,Eastbound,croxley,moor park,2.94,62,168
Metropolitan,Eastbound,moor park,northwood,2.22,168,179
Metropolitan,Eastbound,northwood,northwood hills,1.61,179,180
Metropolitan,Eastbound,northwood hills,pinner,2.08,180,199
Metropolitan,Eastbound,pinner,north harrow,1.48,199,184
Metropolitan,Eastbound,north harrow,harrow-on-the-hill,2.0,184,115
Metropolitan,Eastbound,moor park,harrow-on-the-hill,9.39,168,115
Metropolitan,Eastbound,uxbridge,hillingdon,2.03,271,125
Metropolitan,Eastbound,hillingdon,ickenham,1.08,125,134
Metropolitan,Eastbound,ickenham,ruislip,1.85,134,220
Metropolitan,Eastbound,ruislip,ruislip manor,0.72,220,222
Metropolitan,Eastbound,ruislip manor,eastcote,1.14,222,75
Metropolitan,Eastbound,eastcote,rayners lane,1.72,75,210
Metropolitan,Eastbound,rayners lane,west harrow,1.38,210,291
Metropolitan,Eastbound,west harrow,harrow-on-the-hill,1.26,291,115
Metropolitan,Eastbound,harrow-on-the-hill,finchley road,11.63,115,94
Metropolitan,Eastbound,harrow-on-the-hill,northwick park,1.29,115,178
Metropolitan,Eastbound,northwick park,preston road,1.64,178,202
Metropolitan,Eastbound,preston road,wembley park,1.46,202,282
Metropolitan,Eastbound,wembley park,finchley road,7.24,282,94
Metropolitan,Eastbound,finchley road,baker street,3.38,94,11
Metropolitan,Eastbound,baker street,great portland street,0.92,11,104
Metropolitan,Eastbound,great portland street,euston square,0.61,104,90
Metropolitan,Eastbound,euston square,king's cross st. pancras,0.85,90,145
Metropolitan,Eastbound,king's cross st. pancras,farringdon,1.85,145,92
Metropolitan,Eastbound,farringdon,barbican,0.51,92,14
Metropolitan,Eastbound,barbican,moorgate,0.63,14,167
Metropolitan,Eastbound,moorgate,liverpool street,0.51,167,156
Metropolitan,Eastbound,liverpool street,aldgate,0.61,156,2
Hammersmith & City,Eastbound,hammersmith,goldhawk road,0.82,110,101
Hammersmith & City,Eastbound,goldhawk road,shepherd's bush market,0.51,101,227
Hammersmith & City,Eastbound,latimer road,ladbroke grove,0.66,150,147
Hammersmith & City,Eastbound,ladbroke grove,westbourne park,0.79,147,283
Hammersmith & City,Eastbound,westbourne park,royal oak,0.98,283,218
Hammersmith & City,Eastbound,royal oak,paddington,0.64,218,193
Hammersmith & City,Eastbound,paddington,edgware road (Circle),0.93,193,83
Hammersmith & City,Eastbound,edgware road (Circle),baker street,0.72,83,11
Hammersmith & City,Eastbound,baker street,great portland street,0.92,11,104
Hammersmith & City,Eastbound,great portland street,euston square,0.61,104,90
Hammersmith & City,Eastbound,euston square,king's cross st. pancras,0.85,90,145
Hammersmith & City,Eastbound,king's cross st. pancras,farringdon,1.85,145,92
Hammersmith & City,Eastbound,farringdon,barbican,0.51,92,14
Hammersmith & City,Eastbound,barbican,moorgate,0.64,14,167
Hammersmith & City,Eastbound,moorgate,liverpool street,0.51,167,156
Hammersmith & City,Eastbound,liverpool street,aldgate east,0.92,156,3
Hammersmith & City,Eastbound,aldgate east,whitechapel,0.82,3,295
Hammersmith & City,Eastbound,whitechapel,stepney green,1.0,295,244
Hammersmith & City,Eastbound,stepney green,mile end,1.05,244,164
Hammersmith & City,Eastbound,mile end,bow road,0.55,164,33
Hammersmith & City,Eastbound,bow road,bromley-by-bow,1.01,33,36
Hammersmith & City,Eastbound,bromley-by-bow,west ham,1.37,36,289
Hammersmith & City,Eastbound,west ham,plaistow,0.76,289,200
Hammersmith & City,Eastbound,plaistow,upton park,1.29,200,270
Hammersmith & City,Eastbound,upton park,east ham,1.4,270,78
Hammersmith & City,Eastbound,east ham,barking,2.29,78,15
Hammersmith & City,Westbound,barking,east ham,2.29,15,78
Hammersmith & City,Westbound,east ham,upton park,1.4,78,270
Hammersmith & City,Westbound,upton park,plaistow,1.29,270,200
Hammersmith & City,Westbound,plaistow,west ham,0.76,200,289
Hammersmith & City,Westbound,west ham,bromley-by-bow,1.37,289,36
Hammersmith & City,Westbound,bromley-by-bow,bow road,1.01,36,33
Hammersmith & City,Westbound,bow road,mile end,0.55,33,164
Hammersmith & City,Westbound,mile end,stepney green,1.05,164,244
Hammersmith & City,Westbound,stepney green,whitechapel,1.0,244,295
Hammersmith & City,Westbound,whitechapel,aldgate east,0.82,295,3
Hammersmith & City,Westbound,aldgate east,liverpool street,0.92,3,156
Hammersmith & City,Westbound,liverpool street,moorgate,0.51,156,167
Hammersmith & City,Westbound,moorgate,barbican,0.64,167,14
Hammersmith & City,Westbound,barbican,farringdon,0.51,14,92
Hammersmith & City,Westbound,farringdon,king's cross st. pancras,1.85,92,145
Hammersmith & City,Westbound,king's cross st. pancras,euston square,0.85,145,90
Hammersmith & City,Westbound,euston square,great portland street,0.61,90,104
Hammersmith & City,Westbound,great portland street,baker street,0.92,104,11
Hammersmith & City,Westbound,baker street,edgware road (Circle),0.72,11,83
Hammersmith & City,Westbound,edgware road (Circle),paddington,0.93,83,193
Hammersmith & City,Westbound,paddington,royal oak,0.64,193,218
Hammersmith & City,Westbound,royal oak,westbourne park,0.98,218,283
Hammersmith & City,Westbound,westbourne park,ladbroke grove,0.79,283,147
Hammersmith & City,Westbound,ladbroke grove,latimer road,0.66,147,150
Hammersmith & City,Westbound,shepherd's bush market,goldhawk road,0.51,227,101
Hammersmith & City,Westbound,goldhawk road,hammersmith,0.82,101,110
Circle,Inner,edgware road (Circle),paddington,0.82,83,193
Circle,Inner,paddington,bayswater,0.98,193,18
Circle,Inner,bayswater,notting hill gate,0.79,18,186
Circle,Inner,notting hill gate,high street kensington,0.93,186,122
Circle,Inner,high street kensington,gloucester road,0.93,122,99
Circle,Inner,gloucester road,south kensington,0.74,99,236
Circle,Inner,south kensington,sloane square,1.22,236,229
Circle,Inner,sloane square,victoria,1.05,229,273
Circle,Inner,victoria,st. james's park,0.72,273,248
Circle,Inner,st. james's park,westminster,0.76,248,285
Circle,Inner,westminster,embankment,0.69,285,87
Circle,Inner,embankment,temple,0.71,87,255
Circle,Inner,temple,blackfriars,0.76,255,25
Circle,Inner,blackfriars,mansion house,0.61,25,161
Circle,Inner,mansion house,cannon street,0.31,161,44
Circle,Inner,cannon street,monument,0.34,44,166
Circle,Inner,monument,tower hill,0.68,166,263
Circle,Inner,tower hill,aldgate,0.5,263,2
Circle,Inner,aldgate,liverpool street,0.61,2,156
Circle,Inner,liverpool street,moorgate,0.51,156,167
Circle,Inner,moorgate,barbican,0.64,167,14
Circle,Inner,barbican,farringdon,0.51,14,92
Circle,Inner,farringdon,king's cross st. pancras,1.85,92,145
Circle,Inner,king's cross st. pancras,euston square,0.85,145,90
Circle,Inner,euston square,great portland street,0.61,90,104
Circle,Inner,great portland street,baker street,0.92,104,11
Circle,Inner,baker street,edgware road (Circle),0.72,11,83
Circle,Inner,edgware road (Circle),paddington,0.93,83,193
Circle,Inner,paddington,royal oak,0.64,193,218
Circle,Inner,royal oak,westbourne park,0.98,218,283
Circle,Inner,westbourne park,ladbroke grove,0.79,283,147
Circle,Inner,ladbroke grove,latimer road,0.66,147,150
Circle,Inner,shepherd's bush market,goldhawk road,0.51,227,101
Circle,Inner,goldhawk road,hammersmith,0.82,101,110
Circle,Outer,hammersmith,goldhawk road,0.82,110,101
Circle,Outer,goldhawk road,shepherd's bush market,0.51,101,227
Circle,Outer,latimer road,ladbroke grove,0.66,150,147
Circle,Outer,ladbroke grove,westbourne park,0.79,147,283
Circle,Outer,westbourne park,royal oak,0.98,283,218
Circle,Outer,royal oak,paddington,0.64,218,193
Circle,Outer,paddington,edgware road (Circle),0.93,193,83
Circle,Outer,edgware road (Circle),baker street,0.72,83,11
Circle,Outer,baker street,great portland street,0.92,11,104
Circle,Outer,great portland street,euston square,0.61,104,90
Circle,Outer,euston square,king's cross st. pancras,0.85,90,145
Circle,Outer,king's cross st. pancras,farringdon,1.85,145,92
Circle,Outer,farringdon,barbican,0.51,92,14
Circle,Outer,barbican,moorgate,0.64,14,167
Circle,Outer,moorgate,liverpool street,0.51,167,156
Circle,Outer,liverpool street,aldgate,0.61,156,2
Circle,Outer,aldgate,tower hill,0.5,2,263
Circle,Outer,tower hill,monument,0.68,263,166
Circle,Outer,monument,cannon street,0.34,166,44
Circle,Outer,cannon street,mansion house,0.31,44,161
Circle,Outer,mansion house,blackfriars,0.61,161,25
Circle,Outer,blackfriars,temple,0.76,25,255
Circle,Outer,temple,embankment,0.71,255,87
Circle,Outer,embankment,westminster,0.69,87,285
Circle,Outer,westminster,st. james's park,0.76,285,248
Circle,Outer,st. james's park,victoria,0.72,248,273
Circle,Outer,victoria,sloane square,1.05,273,229
Circle,Outer,sloane square,south kensington,1.22,229,236
Circle,Outer,south kensington,gloucester road,0.74,236,99
Circle,Outer,gloucester road,high street kensington,0.93,99,122
Circle,Outer,high street kensington,notting hill gate,0.93,122,186
Circle,Outer,notting hill gate,bayswater,0.79,186,18
Circle,Outer,bayswater,paddington,0.98,18,193
Circle,Outer,paddington,edgware road (Circle),0.82,193,83
District,Westbound,upminster,upminster bridge,1.24,267,268
District,Westbound,upminster bridge,hornchurch,1.26,268,129
District,Westbound,hornchurch,elm park,1.5,129,85
District,Westbound,elm park,dagenham east,2.37,85,66
District,Westbound,dagenham east,dagenham heathway,1.35,66,67
District,Westbound,dagenham heathway,becontree,1.37,67,21
District,Westbound,becontree,upney,1.87,21,269
District,Westbound,upney,barking,1.38,269,15
District,Westbound,barking,east ham,2.29,15,78
District,Westbound,east ham,upton park,1.4,78,270
District,Westbound,upton park,plaistow,1.29,270,200
District,Westbound,plaistow,west ham,0.76,200,289
District,Westbound,west ham,bromley-by-bow,1.37,289,36
District,Westbound,bromley-by-bow,bow road,1.01,36,33
District,Westbound,bow road,mile end,0.55,33,164
District,Westbound,mile end,stepney green,1.05,164,244
District,Westbound,stepney green,whitechapel,1.0,244,295
District,Westbound,whitechapel,aldgate east,0.82,295,3
District,Westbound,aldgate east,tower hill,0.8,3,263
District,Westbound,tower hill,monument,0.68,263,166
District,Westbound,monument,cannon street,0.34,166,44
District,Westbound,cannon street,mansion house,0.31,44,161
District,Westbound,mansion house,blackfriars,0.61,161,25
District,Westbound,blackfriars,temple,0.76,25,255
District,Westbound,temple,embankment,0.71,255,87
District,Westbound,embankment,westminster,0.69,87,285
District,Westbound,westminster,st. james's park,0.76,285,248
District,Westbound,st. james's park,victoria,0.72,248,273
District,Westbound,victoria,sloane square,1.05,273,229
District,Westbound,sloane square,south kensington,1.22,229,236
District,Westbound,south kensington,gloucester road,0.74,236,99
District,Westbound,gloucester road,earl's court,0.93,99,74
District,Westbound,edgware road (Circle),paddington,0.82,83,193
District,Westbound,paddington,bayswater,0.98,193,18
District,Westbound,bayswater,notting hill gate,0.79,18,186
District,Westbound,notting hill gate,high street kensington,0.93,186,122
District,Westbound,high street kensington,earl's court,1.26,122,74
District,Westbound,earl's court,kensington (olympia),1.54,74,138
District,Westbound,earl's court,west brompton,0.6,74,287
District,Westbound,west brompton,fulham broadway,0.84,287,96
District,Westbound,fulham broadway,parsons green,0.79,96,195
District,Westbound,parsons green,putney bridge,0.95,195,205
District,Westbound,putney bridge,east putney,1.11,205,80
District,Westbound,east putney,southfields,1.53,80,231
District,Westbound,southfields,wimbledon park,1.45,231,300
District,Westbound,wimbledon park,wimbledon,1.5,300,299
District,Westbound,earl's court,west kensington,0.9,74,293
District,Westbound,west kensington,barons court,0.64,293,17
District,Westbound,barons court,hammersmith,0.68,17,110
District,Westbound,hammersmith,ravenscourt park,0.93,110,209
District,Westbound,ravenscourt park,stamford brook,0.77,209,242
District,Westbound,stamford brook,turnham green,0.55,242,265
District,Westbound,turnham green,chiswick park,0.95,265,52
District,Westbound,chiswick park,acton town,1.21,52,1
District,Westbound,acton town,ealing common,1.03,1,73
District,Westbound,ealing common,ealing broadway,1.5,73,72
District,Westbound,turnham green,gunnersbury,1.59,265,108
District,Westbound,gunnersbury,kew gardens,1.71,108,141
District,Westbound,kew gardens,richmond,2.14,141,213
District,Eastbound,ealing broadway,ealing common,1.5,72,73
District,Eastbound,ealing common,acton town,1.03,73,1
District,Eastbound,acton town,chiswick park,1.21,1,52
District,Eastbound,chiswick park,turnham green,0.95,52,265
District,Eastbound,turnham green,stamford brook,0.55,265,242
District,Eastbound,stamford brook,ravenscourt park,0.77,242,209
District,Eastbound,ravenscourt park,hammersmith,0.93,209,110
District,Eastbound,hammersmith,barons court,0.68,110,17
District,Eastbound,barons court,west kensington,0.64,17,293
District,Eastbound,west kensington,earl's court,0.9,293,74
District,Eastbound,richmond,kew gardens,2.14,213,141
District,Eastbound,kew gardens,gunnersbury,1.71,141,108
District,Eastbound,gunnersbury,turnham green,1.59,108,265
District,Eastbound,wimbledon,wimbledon park,1.5,299,300
District,Eastbound,wimbledon park,southfields,1.45,300,231
District,Eastbound,southfields,east putney,1.53,231,80
District,Eastbound,east putney,putney bridge,1.11,80,205
District,Eastbound,putney bridge,parsons green,0.95,205,195
District,Eastbound,parsons green,fulham broadway,0.79,195,96
District,Eastbound,fulham broadway,west brompton,0.84,96,287
District,Eastbound,west brompton,earl's court,0.6,287,74
District,Eastbound,kensington (olympia),earl's court,1.54,138,74
District,Eastbound,earl's court,high street kensington,1.26,74,122
District,Eastbound,high street kensington,notting hill gate,0.93,122,186
District,Eastbound,notting hill gate,bayswater,0.79,186,18
District,Eastbound,bayswater,paddington,0.98,18,193
District,Eastbound,paddington,edgware road (Circle),0.82,193,83
District,Eastbound,earl's court,gloucester road,0.93,74,99
District,Eastbound,gloucester road,south kensington,0.74,99,236
District,Eastbound,south kensington,sloane square,1.22,236,229
District,Eastbound,sloane square,victoria,1.05,229,273
District,Eastbound,victoria,st. james's park,0.72,273,248
District,Eastbound,st. james's park,westminster,0.76,248,285
District,Eastbound,westminster,embankment,0.69,285,87
District,Eastbound,embankment,temple,0.71,87,255
District,Eastbound,temple,blackfriars,0.76,255,25
District,Eastbound,blackfriars,mansion house,0.61,25,161
District,Eastbound,mansion house,cannon street,0.31,161,44
District,Eastbound,cannon street,monument,0.34,44,166
District,Eastbound,monument,tower hill,0.68,166,263
District,Eastbound,tower hill,aldgate east,0.8,263,3
District,Eastbound,aldgate east,whitechapel,0.82,3,295
District,Eastbound,whitechapel,stepney green,1.0,295,244
District,Eastbound,stepney green,mile end,1.05,244,164
District,Eastbound,mile end,bow road,0.55,164,33
District,Eastbound,bow road,bromley-by-bow,1.01,33,36
District,Eastbound,bromley-by-bow,west ham,1.37,36,289
District,Eastbound,west ham,plaistow,0.76,289,200
District,Eastbound,plaistow,upton park,1.29,200,270
District,Eastbound,upton park,east ham,1.4,270,78
District,Eastbound,east ham,barking,2.29,78,15
District,Eastbound,barking,upney,1.38,15,269
District,Eastbound,upney,becontree,1.87,269,21
District,Eastbound,becontree,dagenham heathway,1.37,21,67
District,Eastbound,dagenham heathway,dagenham east,1.35,67,66
District,Eastbound,dagenham east,elm park,2.37,66,85
District,Eastbound,elm park,hornchurch,1.5,85,129
District,Eastbound,hornchurch,upminster bridge,1.26,129,268
District,Eastbound,upminster bridge,upminster,1.24,268,267
Northern,Southbound,kennington,nine elms,1.61,136,305
Northern,Southbound,nine elms,battersea power station,1.25,305,304
Northern,Northbound,battersea power station,nine elms,1.25,304,305
Northern,Northbound,nine elms,kennington,1.61,305,136
