id,latitude,longitude,name,zone,total_lines,rail
1,51.5028,-0.2801,acton town,3.0,2,0
2,51.5143,-0.0755,aldgate,1.0,2,0
3,51.5154,-0.0726,aldgate east,1.0,2,0
4,51.5107,-0.013,all saints,2.0,1,0
5,51.5407,-0.2997,alperton,4.0,1,0
7,51.5322,-0.1058,angel,1.0,1,0
8,51.5653,-0.1353,archway,2.5,1,0
9,51.6164,-0.1331,arnos grove,4.0,1,0
10,51.5586,-0.1059,arsenal,2.0,1,0
11,51.5226,-0.1571,baker street,1.0,5,0
12,51.4431,-0.1525,balham,3.0,1,1
13,51.5133,-0.0886,bank,1.0,4,0
14,51.5204,-0.0979,barbican,1.0,3,0
15,51.5396,0.081,barking,4.0,2,1
16,51.5856,0.0887,barkingside,5.0,1,0
17,51.4905,-0.2139,barons court,2.0,2,0
18,51.5121,-0.1879,bayswater,1.0,2,0
19,51.5148,0.0613,beckton,3.0,1,0
20,51.5087,0.055,beckton park,3.0,1,0
21,51.5403,0.127,becontree,5.0,1,0
22,51.5504,-0.1642,belsize park,2.0,1,0
24,51.527,-0.0549,bethnal green,2.0,1,0
25,51.512,-0.1031,blackfriars,1.0,2,0
26,51.5867,-0.0417,blackhorse road,3.0,1,1
27,51.5079,-0.0066,blackwall,2.0,1,0
28,51.5142,-0.1494,bond street,1.0,2,0
29,51.5011,-0.0943,borough,1.0,1,0
30,51.4956,-0.325,boston manor,4.0,1,0
31,51.6071,-0.1243,bounds green,3.5,1,0
32,51.5273,-0.0208,bow church,2.0,3,0
33,51.5269,-0.0247,bow road,2.0,2,0
34,51.5766,-0.2136,brent cross,3.0,1,0
36,51.5248,-0.0119,bromley-by-bow,2.5,2,0
38,51.6028,-0.2641,burnt oak,4.0,1,0
39,51.5481,-0.1188,caledonian road,2.0,1,0
40,51.5392,-0.1426,camden town,2.0,1,0
42,51.5051,-0.0209,canary wharf,2.0,2,0
44,51.5113,-0.0904,cannon street,1.0,2,0
45,51.6078,-0.2947,canons park,5.0,1,0
47,51.5441,-0.1538,chalk farm,2.0,1,0
48,51.5185,-0.1111,chancery lane,1.0,1,0
49,51.508,-0.1247,charing cross,1.0,2,1
51,51.6177,0.0755,chigwell,5.0,1,0
52,51.4946,-0.2678,chiswick park,3.0,1,0
54,51.4618,-0.1384,clapham common,2.0,1,0
55,51.4649,-0.1299,clapham north,2.0,1,0
56,51.4527,-0.148,clapham south,2.5,1,0
58,51.5955,-0.2502,colindale,4.0,1,0
59,51.418,-0.1778,colliers wood,3.0,1,0
60,51.5129,-0.1243,covent garden,1.0,1,0
61,51.4957,-0.0144,crossharbour & london arena,2.0,1,0
63,51.5095,0.0276,custom house,3.0,1,0
65,51.5085,0.064,cyprus,3.0,1,0
66,51.5443,0.1655,dagenham east,5.0,1,0
67,51.5417,0.1469,dagenham heathway,5.0,1,0
70,51.5223,-0.0173,devons road,2.0,1,0
71,51.552,-0.2387,dollis hill,3.0,1,0
72,51.5152,-0.3017,ealing broadway,3.0,2,1
73,51.5101,-0.2882,ealing common,3.0,2,0
74,51.492,-0.1973,earl's court,1.5,2,0
75,51.5765,-0.397,eastcote,5.0,2,0
76,51.5168,-0.2474,east acton,2.0,1,0
77,51.5874,-0.165,east finchley,3.0,1,0
78,51.5394,0.0518,east ham,3.5,2,0
79,51.5093,-0.0021,east india,2.5,1,0
80,51.4586,-0.2112,east putney,2.5,1,0
81,51.6137,-0.275,edgware,5.0,1,0
82,51.5199,-0.1679,edgware road (b),1.0,1,0
83,51.5203,-0.17,edgware road (c),1.0,3,0
84,51.4943,-0.1001,elephant & castle,1.5,2,1
85,51.5496,0.1977,elm park,6.0,1,0
87,51.5074,-0.1223,embankment,1.0,4,0
89,51.5282,-0.1337,euston,1.0,2,1
90,51.526,-0.1359,euston square,1.0,3,0
91,51.596,0.0912,fairlop,5.0,1,0
92,51.5203,-0.1053,farringdon,1.0,3,1
93,51.6012,-0.1932,finchley central,4.0,1,0
94,51.5472,-0.1803,finchley road,2.0,2,0
95,51.5642,-0.1065,finsbury park,2.0,1,1
96,51.4804,-0.195,fulham broadway,2.0,1,0
97,51.5096,0.0716,gallions reach,3.0,1,0
98,51.5765,0.0663,gants hill,4.0,1,0
99,51.4945,-0.1829,gloucester road,1.0,3,0
100,51.5724,-0.1941,golders green,3.0,1,0
101,51.5018,-0.2267,goldhawk road,2.0,1,0
102,51.5205,-0.1347,goodge street,1.0,1,0
103,51.6132,0.0923,grange hill,5.0,1,0
104,51.5238,-0.1439,great portland street,1.0,3,0
105,51.5423,-0.3456,greenford,4.0,1,1
107,51.5067,-0.1428,green park,1.0,3,0
108,51.4915,-0.2754,gunnersbury,3.0,1,0
109,51.603,0.0933,hainault,5.0,1,0
110,51.4936,-0.2251,hammersmith,2.0,3,0
111,51.5568,-0.178,hampstead,2.5,1,0
112,51.5302,-0.2933,hanger lane,3.0,1,0
113,51.5362,-0.2575,harlesden,3.0,1,0
114,51.5925,-0.3351,harrow & wealdston,5.0,1,1
115,51.5793,-0.3366,harrow-on-the-hill,5.0,1,1
116,51.4669,-0.4227,hatton cross,5.5,1,0
117,51.4713,-0.4524,"heathrow terminals 1, 2 & 3",6.0,1,0
118,51.4598,-0.4476,heathrow terminal 4,6.0,1,0
119,51.5829,-0.2259,hendon central,3.5,1,0
120,51.5033,-0.0215,heron quays,2.0,1,0
122,51.5009,-0.1925,high street kensington,1.0,2,0
123,51.546,-0.104,highbury & islington,2.0,1,1
124,51.5777,-0.1458,highgate,3.0,1,0
125,51.5538,-0.4499,hillingdon,6.0,2,0
126,51.5174,-0.12,holborn,1.0,2,0
127,51.5075,-0.206,holland park,2.0,1,0
128,51.5526,-0.1132,holloway road,2.0,1,0
129,51.5539,0.2184,hornchurch,6.0,1,0
130,51.4713,-0.3665,hounslow central,4.0,1,0
131,51.4733,-0.3564,hounslow east,4.0,1,0
132,51.4734,-0.3855,hounslow west,5.0,1,0
133,51.5027,-0.1527,hyde park corner,1.0,1,0
134,51.5619,-0.4421,ickenham,6.0,2,0
135,51.4871,-0.0101,island gardens,2.0,1,0
136,51.4884,-0.1053,kennington,2.0,1,0
137,51.5304,-0.225,kensal green,2.0,1,0
138,51.4983,-0.2106,kensington (olympia),2.0,1,1
139,51.5507,-0.1402,kentish town,2.0,1,1
140,51.5816,-0.3162,kenton,4.0,1,0
141,51.477,-0.285,kew gardens,3.5,1,0
142,51.5471,-0.2047,kilburn,2.0,1,0
143,51.5351,-0.1939,kilburn park,2.0,1,0
144,51.5846,-0.2786,kingsbury,4.0,1,0
145,51.5308,-0.1238,king's cross st. pancras,1.0,6,1
146,51.5015,-0.1607,knightsbridge,1.0,1,0
147,51.5172,-0.2107,ladbroke grove,2.0,1,0
148,51.4991,-0.1115,lambeth north,1.0,1,0
149,51.5119,-0.1756,lancaster gate,1.0,1,0
150,51.5139,-0.2172,latimer road,2.0,1,0
151,51.5113,-0.1281,leicester square,1.0,2,0
153,51.5566,-0.0053,leyton,3.0,1,0
154,51.5683,0.0083,leytonstone,3.5,1,0
155,51.5123,-0.0396,limehouse,2.0,1,1
156,51.5178,-0.0823,liverpool street,1.0,4,1
157,51.5052,-0.0864,london bridge,1.0,2,1
159,51.53,-0.1854,maida vale,2.0,1,0
160,51.5712,-0.0958,manor house,2.5,1,0
161,51.5122,-0.094,mansion house,1.0,2,0
162,51.5136,-0.1586,marble arch,1.0,1,0
163,51.5225,-0.1631,marylebone,1.0,1,1
164,51.5249,-0.0332,mile end,2.0,3,0
165,51.6082,-0.2103,mill hill east,4.0,1,0
166,51.5108,-0.0863,monument,1.0,2,0
167,51.5186,-0.0886,moorgate,1.0,4,1
168,51.6294,-0.432,moor park,6.5,1,0
169,51.4022,-0.1948,morden,4.0,1,0
170,51.5342,-0.1387,mornington crescent,2.0,1,0
171,51.4902,-0.0145,mudchute,2.0,1,0
172,51.5542,-0.2503,neasden,3.0,1,0
173,51.5756,0.0899,newbury park,4.0,1,0
176,51.4995,-0.3142,northfields,3.0,1,0
177,51.5483,-0.3687,northolt,5.0,1,0
178,51.5784,-0.3184,northwick park,4.0,1,0
179,51.6111,-0.424,northwood,6.0,1,0
180,51.6004,-0.4092,northwood hills,6.0,1,0
181,51.5237,-0.2597,north acton,2.5,1,0
182,51.5175,-0.2887,north ealing,3.0,1,0
184,51.5846,-0.3626,north harrow,5.0,1,0
185,51.5621,-0.3034,north wembley,4.0,1,0
186,51.5094,-0.1967,notting hill gate,1.5,3,0
188,51.5263,-0.0873,old street,1.0,1,1
190,51.4813,-0.3522,osterley,4.0,1,0
191,51.4819,-0.113,oval,2.0,1,0
192,51.515,-0.1415,oxford circus,1.0,3,0
193,51.5154,-0.1755,paddington,1.0,4,1
194,51.527,-0.2841,park royal,3.0,1,0
195,51.4753,-0.2011,parsons green,2.0,1,0
196,51.5366,-0.3232,perivale,4.0,1,0
197,51.5098,-0.1342,picadilly circus,1.0,2,0
198,51.4893,-0.1334,pimlico,1.0,1,0
199,51.5926,-0.3805,pinner,5.0,1,0
200,51.5313,0.0172,plaistow,3.0,2,0
201,51.5077,-0.0173,poplar,2.0,1,0
202,51.572,-0.2954,preston road,4.0,1,0
203,51.5093,0.0336,prince regent,3.0,1,0
205,51.4682,-0.2089,putney bridge,2.0,1,0
206,51.5341,-0.2047,queen's park,2.0,1,1
207,51.5942,-0.2861,queensbury,4.0,1,0
208,51.5107,-0.1877,queensway,1.0,1,0
209,51.4942,-0.2359,ravenscourt park,2.0,1,0
210,51.5753,-0.3714,rayners lane,5.0,2,0
211,51.5763,0.0454,redbridge,4.0,1,0
212,51.5234,-0.1466,regent's park,1.0,1,0
213,51.4633,-0.3013,richmond,4.0,1,1
215,51.6171,0.0439,roding valley,5.0,1,0
216,51.501,-0.0525,rotherhithe,2.0,1,0
217,51.5084,0.0465,royal albert,3.0,1,0
218,51.519,-0.188,royal oak,2.0,1,0
219,51.5091,0.0181,royal victoria,3.0,1,0
220,51.5715,-0.4213,ruislip,6.0,2,0
222,51.5732,-0.4125,ruislip manor,6.0,2,0
223,51.523,-0.1244,russell square,1.0,1,0
224,51.5822,-0.0749,seven sisters,3.0,1,1
225,51.5117,-0.056,shadwell,2.0,2,0
226,51.5046,-0.2187,shepherd's bush (c),2.0,1,0
227,51.5058,-0.2265,shepherd's bush (h),2.0,1,0
228,51.5227,-0.0708,shoreditch,2.0,1,0
229,51.4924,-0.1565,sloane square,1.0,2,0
230,51.5808,0.0216,snaresbrook,4.0,1,0
231,51.4454,-0.2066,southfields,3.0,1,0
234,51.5011,-0.3072,south ealing,3.0,1,0
235,51.5646,-0.3521,south harrow,5.0,1,0
236,51.4941,-0.1738,south kensington,1.0,3,0
237,51.5701,-0.3081,south kenton,4.0,1,0
238,51.5007,-0.0191,south quay,2.0,1,0
239,51.5569,-0.3988,south ruislip,5.0,1,1
240,51.4154,-0.1919,south wimbledon,3.5,1,0
241,51.5917,0.0275,south woodford,4.0,1,0
242,51.495,-0.2459,stamford brook,2.0,1,0
243,51.6194,-0.3028,stanmore,5.0,1,0
244,51.5221,-0.047,stepney green,2.0,2,0
245,51.4723,-0.123,stockwell,2.0,2,0
246,51.5439,-0.2759,stonebridge park,3.0,1,0
247,51.5416,-0.0042,stratford,3.0,3,1
248,51.4994,-0.1335,st. james's park,1.0,2,0
249,51.5347,-0.174,st. john's wood,2.0,1,0
250,51.5146,-0.0973,st. paul's,1.0,1,0
251,51.5569,-0.3366,sudbury hill,4.0,1,0
252,51.5507,-0.3156,sudbury town,4.0,1,0
253,51.4933,-0.0478,surrey quays,2.0,1,0
254,51.5432,-0.1738,swiss cottage,2.0,2,0
255,51.5111,-0.1141,temple,1.0,2,0
257,51.4361,-0.1598,tooting bec,3.0,1,0
258,51.4275,-0.168,tooting broadway,3.0,1,0
259,51.5165,-0.131,tottenham court road,1.0,2,0
260,51.5882,-0.0594,tottenham hale,3.0,1,1
262,51.5106,-0.0743,tower gateway,1.0,1,0
263,51.5098,-0.0766,tower hill,1.0,2,0
264,51.5567,-0.1374,tufnell park,2.0,1,0
265,51.4951,-0.2547,turnham green,2.5,2,0
266,51.5904,-0.1028,turnpike lane,3.0,1,0
267,51.559,0.251,upminster,6.0,1,1
268,51.5582,0.2343,upminster bridge,6.0,1,0
269,51.5385,0.1014,upney,4.0,1,0
270,51.5352,0.0343,upton park,3.0,2,0
271,51.5463,-0.4786,uxbridge,6.0,2,0
272,51.4861,-0.1253,vauxhall,1.5,1,1
273,51.4965,-0.1447,victoria,1.0,3,1
274,51.583,-0.0195,walthamstow central,3.0,1,1
275,51.5775,0.0288,wanstead,4.0,1,0
276,51.5043,-0.0558,wapping,2.0,1,0
277,51.5247,-0.1384,warren street,1.0,2,0
278,51.5235,-0.1835,warwick avenue,2.0,1,0
279,51.5036,-0.1143,waterloo,1.0,4,1
281,51.5519,-0.2963,wembley central,4.0,1,1
282,51.5635,-0.2795,wembley park,4.0,2,0
283,51.521,-0.2011,westbourne park,2.0,1,0
284,51.5097,-0.0265,westferry,2.0,1,0
285,51.501,-0.1254,westminster,1.0,3,0
286,51.518,-0.2809,west acton,3.0,1,0
287,51.4872,-0.1953,west brompton,2.0,1,1
288,51.6095,-0.1883,west finchley,4.0,1,0
289,51.5287,0.0056,west ham,3.0,3,1
290,51.5469,-0.1906,west hampstead,2.0,1,1
291,51.5795,-0.3533,west harrow,5.0,1,0
292,51.507,-0.0203,west india quay,2.0,1,0
293,51.4907,-0.2065,west kensington,2.0,1,0
294,51.5696,-0.4376,west ruislip,6.0,1,1
295,51.5194,-0.0612,whitechapel,2.0,3,0
296,51.512,-0.2239,white city,2.0,1,0
297,51.5492,-0.2215,willesden green,2.5,1,0
298,51.5326,-0.2478,willesden junction,3.0,1,1
299,51.4214,-0.2064,wimbledon,3.0,1,1
300,51.4343,-0.1992,wimbledon park,3.0,1,0
301,51.607,0.0341,woodford,4.0,1,0
302,51.6179,-0.1856,woodside park,4.0,1,0
303,51.5975,-0.1097,wood green,3.0,1,0
35,51.4627,-0.1145,brixton,2.0,1,1
6,51.6736,-0.607,amersham,10.0,1,1
23,51.4979,-0.0637,bermondsey,2.0,1,0
50,51.7052,-0.611,chesham,10.0,1,0
46,51.6679,-0.561,chalfont & latimer,9.0,1,1
53,51.6543,-0.5183,chorleywood,8.0,1,0
214,51.6404,-0.4733,rickmansworth,7.0,1,0
62,51.647,-0.4412,croxley,7.0,1,0
280,51.6573,-0.4177,watford,8.0,1,0
221,51.5606,-0.4103,ruislip gardens,5.0,1,0
121,51.6503,-0.1943,high barnet,5.0,1,0
261,51.6302,-0.1791,totteridge & whetstone,4.0,1,0
57,51.6517,-0.1496,cockfosters,5.0,1,0
187,51.6476,-0.1318,oakwood,5.0,1,0
232,51.6322,-0.128,southgate,4.0,1,0
88,51.6937,0.1139,epping,6.0,1,0
256,51.6717,0.1033,theydon bois,6.0,1,0
68,51.6455,0.0838,debden,6.0,1,0
158,51.6412,0.0558,loughton,6.0,1,0
37,51.6266,0.0471,buckhurst hill,5.0,1,0
204,51.5343,-0.0139,pudding mill lane,2.5,1,0
233,51.501,-0.1052,southwark,1.0,1,0
41,51.4982,-0.0502,canada water,2.0,2,0
43,51.5147,0.0082,canning town,3.0,2,0
183,51.5005,0.0039,north greenwich,2.5,1,0
64,51.4827,-0.0096,cutty sark,2.5,1,0
106,51.4781,-0.0149,greenwich,2.5,1,1
69,51.474,-0.0216,deptford bridge,2.5,1,0
86,51.4693,-0.0174,elverson road,2.5,1,0
152,51.4657,-0.0142,lewisham,2.5,1,1
174,51.4767,-0.0327,new cross,2.0,1,1
175,51.4757,-0.0402,new cross gate,2.0,1,1
